school_code,2018,2019,2020,2021,2022,2023,2024
M040,,,,,,,
M142,,,,,,,
K953,,,,,,,
K284,,,,,,,
K898,,,,,,,
K907,,,,,,,
Q376,,,,,,,
Q384,,,,,,,
M184,,,,,,,
M064,,,,,,,
M020,,,,,,,
Q379,,,,,,,
K936,,,,,,,
Q390,,,,,,,
M140,,,,,,,
X595,,,,,,,
Q398,,,,,,,
M134,,,,,,,
M310,,,,,,,
X593,,,,,,,
K896,,,,,,,
M034,,,,,,,
X596,,,,,,,
K889,,,,,,,
M110,,,,,,,
K938,,,,,,,
K915,,,,,,,
M297,,,,,,,
X594,,,,,,,
X360,,,,,,,
K253,,,,,,,
X584,,,,,,,
K890,,,,,,,
X625,,,,,,,
M063,,,,,,,
Q377,,,,,,,
X583,,,,,,,
M188,,,,,,,
K939,,,,,,,
M371,,,,,,,
M015,,,,,,,
M019,,,,,,,
M292,,,,,,,
M315,,,,,,,
M332,,,,,,,
M361,,,,,,,
M363,,,,,,,
M364,,,,,,,
M378,,,,,,,
M448,,,,,,,
M450,,,,,,,
M458,,,,,,,
M515,,,,,,,
M539,,,,,,,
M650,,,,,,,
M696,,,,,,,
M839,,,,,,,
M001,,,,,,,
M002,,,,,,,
M003,,,,,,,
M006,,,,,,,
M011,,,,,,,
M033,,,,,,,
M041,,,,,,,
M042,,,,,,,
M047,,,,,,,
M051,,,,,,,
M059,,,,,,,
M077,,,,,,,
M089,,,,,,,
M104,,,,,,,
M111,,,,,,,
M114,,,,,,,
M116,,,,,,,
M124,,,,,,,
M126,,,,,,,
M130,,,,,,,
M131,,,,,,,
M135,,,,,,,
M139,,,,,,,
M150,,,,,,,
M151,,,,,,,
M158,,,,,,,
M167,,,,,,,
M177,,,,,,,
M183,,,,,,,
M198,,,,,,,
M212,,,,,,,
M217,,,,,,,
M225,,,,,,,
M234,,,,,,,
M255,,,,,,,
M260,,,,,,,
,,,,,,,
M267,,,,,,,
M276,,,,,,,
M280,,,,,,,
M281,,,,,,,
M282,,,,,,,
M288,,,,,,,
M289,,,,,,,
M290,,,,,,,
M294,,,,,,,
M296,,,,,,,
M298,,,,,,,
M300,,,,,,,
M303,,,,,,,
M305,,,,,,,
M308,,,,,,,
M312,,,,,,,
M313,,,,,,,
M316,,,,,,,
M340,,,,,,,
M343,,,,,,,
M347,,,,,,,
M374,,,,,,,
M376,,,,,,,
M392,,,,,,,
M393,,,,,,,
M394,,,,,,,
M397,,,,,,,
M399,,,,,,,
M400,,,,,,,
M407,,,,,,,
M408,,,,,,,
M411,,,,,,,
M412,,,,,,,
M413,,,,,,,
M414,,,,,,,
M416,,,,,,,
M418,,,,,,,
M419,,,,,,,
M420,,,,,,,
M422,,,,,,,
M425,,,,,,,
M427,,,,,,,
M432,,,,,,,
M437,,,,,,,
M438,,,,,,,
M439,,,,,,,
M442,,,,,,,
,,,,,,,
M449,,,,,,,
M459,,,,,,,
M475,,,,,,,
M489,,,,,,,
M500,,,,,,,
M507,,,,,,,
M519,,,,,,,
M520,,,,,,,
M527,,,,,,,
M529,,,,,,,
M531,,,,,,,
M533,,,,,,,
M534,,,,,,,
M542,,,,,,,
M543,,,,,,,
M544,,,,,,,
M545,,,,,,,
M546,,,,,,,
M550,,,,,,,
M551,,,,,,,
M560,,,,,,,
M565,,,,,,,
M570,,,,,,,
M575,,,,,,,
M580,,,,,,,
M586,,,,,,,
M600,,,,,,,
M605,,,,,,,
M615,,,,,,,
M630,,,,,,,
M655,,,,,,,
M896,,,,,,,
M933,,,,,,,
M009,,,,,,,
M054,,,,,,,
M075,,,,,,,
M076,,,,,,,
M084,,,,,,,
M087,,,,,,,
M145,,,,,,,
M149,,,,,,,
M163,,,,,,,
M165,,,,,,,
M166,,,,,,,
M180,,,,,,,
M185,,,,,,,
M191,,,,,,,
,,,,,,,
M199,,,,,,,
M241,,,,,,,
M242,,,,,,,
M243,,,,,,,
M245,,,,,,,
M247,,,,,,,
M250,,,,,,,
M256,,,,,,,
M258,,,,,,,
M291,,,,,,,
M299,,,,,,,
M307,,,,,,,
M333,,,,,,,
M334,,,,,,,
M402,,,,,,,
M403,,,,,,,
M404,,,,,,,
M415,,,,,,,
M417,,,,,,,
M421,,,,,,,
M452,,,,,,,
M479,,,,,,,
M485,,,,,,,
M492,,,,,,,
M494,,,,,,,
M505,,,,,,,
M541,,,,,,,
M859,,,,,,,
M860,,,,,,,
M862,,,,,,,
M007,,,,,,,
M012,,,,,,,
M037,,,,,,,
M038,,,,,,,
M057,,,,,,,
M072,,,,,,,
M083,,,,,,,
M096,,,,,,,
M102,,,,,,,
M108,,,,,,,
M112,,,,,,,
M146,,,,,,,
M155,,,,,,,
M171,,,,,,,
M182,,,,,,,
M206,,,,,,,
M224,,,,,,,
,,,,,,,
M372,,,,,,,
M375,,,,,,,
M377,,,,,,,
M435,,,,,,,
M495,,,,,,,
M497,,,,,,,
M555,,,,,,,
M610,,,,,,,
M680,,,,,,,
M825,,,,,,,
M964,,,,,,,
M030,,,,,,,
M036,,,,,,,
M046,,,,,,,
M092,,,,,,,
M123,,,,,,,
M125,,,,,,,
M129,,,,,,,
M133,,,,,,,
M148,,,,,,,
M154,,,,,,,
M157,,,,,,,
M161,,,,,,,
M175,,,,,,,
M194,,,,,,,
M197,,,,,,,
M200,,,,,,,
M285,,,,,,,
M286,,,,,,,
M304,,,,,,,
M318,,,,,,,
M362,,,,,,,
M369,,,,,,,
M499,,,,,,,
M514,,,,,,,
M517,,,,,,,
M670,,,,,,,
M692,,,,,,,
M004,,,,,,,
M005,,,,,,,
M008,,,,,,,
M018,,,,,,,
M028,,,,,,,
M048,,,,,,,
M052,,,,,,,
M098,,,,,,,
M103,,,,,,,
,,,,,,,
M115,,,,,,,
M128,,,,,,,
M132,,,,,,,
M143,,,,,,,
M152,,,,,,,
M153,,,,,,,
M173,,,,,,,
M178,,,,,,,
M187,,,,,,,
M189,,,,,,,
M192,,,,,,,
M209,,,,,,,
M210,,,,,,,
M211,,,,,,,
M223,,,,,,,
M278,,,,,,,
M293,,,,,,,
M311,,,,,,,
M314,,,,,,,
M319,,,,,,,
M322,,,,,,,
M324,,,,,,,
M328,,,,,,,
M346,,,,,,,
M348,,,,,,,
M349,,,,,,,
M366,,,,,,,
M368,,,,,,,
M423,,,,,,,
M462,,,,,,,
M463,,,,,,,
M467,,,,,,,
M468,,,,,,,
M513,,,,,,,
M528,,,,,,,
M540,,,,,,,
M552,,,,,,,
X001,,,,,,,
X005,,,,,,,
X018,,,,,,,
X025,,,,,,,
X029,,,,,,,
X030,,,,,,,
X031,,,,,,,
X043,,,,,,,
X049,,,,,,,
X065,,,,,,,
,,,,,,,
X151,,,,,,,
X154,,,,,,,
X157,,,,,,,
X161,,,,,,,
X179,,,,,,,
X221,,,,,,,
X223,,,,,,,
X224,,,,,,,
X259,,,,,,,
X277,,,,,,,
X296,,,,,,,
X298,,,,,,,
X334,,,,,,,
X343,,,,,,,
X359,,,,,,,
X369,,,,,,,
X379,,,,,,,
X381,,,,,,,
X427,,,,,,,
X473,,,,,,,
X495,,,,,,,
X500,,,,,,,
X522,,,,,,,
X527,,,,,,,
X548,,,,,,,
X551,,,,,,,
X557,,,,,,,
X600,,,,,,,
X670,,,,,,,
X014,,,,,,,
X036,,,,,,,
X048,,,,,,,
X062,,,,,,,
X069,,,,,,,
X071,,,,,,,
X072,,,,,,,
X075,,,,,,,
X093,,,,,,,
X100,,,,,,,
X101,,,,,,,
X107,,,,,,,
X119,,,,,,,
X123,,,,,,,
X130,,,,,,,
X131,,,,,,,
X138,,,,,,,
X140,,,,,,,
,,,,,,,
X146,,,,,,,
X152,,,,,,,
X182,,,,,,,
X269,,,,,,,
X282,,,,,,,
X293,,,,,,,
X301,,,,,,,
X302,,,,,,,
X304,,,,,,,
X312,,,,,,,
X320,,,,,,,
X333,,,,,,,
X337,,,,,,,
X348,,,,,,,
X349,,,,,,,
X367,,,,,,,
X371,,,,,,,
X375,,,,,,,
X376,,,,,,,
X377,,,,,,,
X392,,,,,,,
X405,,,,,,,
X424,,,,,,,
X432,,,,,,,
X448,,,,,,,
X452,,,,,,,
X467,,,,,,,
X530,,,,,,,
X537,,,,,,,
X558,,,,,,,
X559,,,,,,,
X561,,,,,,,
X562,,,,,,,
X004,,,,,,,
X011,,,,,,,
X022,,,,,,,
X028,,,,,,,
X035,,,,,,,
X042,,,,,,,
X053,,,,,,,
X055,,,,,,,
X058,,,,,,,
X063,,,,,,,
X070,,,,,,,
X073,,,,,,,
X088,,,,,,,
X109,,,,,,,
,,,,,,,
X110,,,,,,,
X114,,,,,,,
X117,,,,,,,
X126,,,,,,,
X128,,,,,,,
X132,,,,,,,
X163,,,,,,,
X170,,,,,,,
X199,,,,,,,
X204,,,,,,,
X215,,,,,,,
X218,,,,,,,
X219,,,,,,,
X227,,,,,,,
X229,,,,,,,
X231,,,,,,,
X232,,,,,,,
X236,,,,,,,
X241,,,,,,,
X250,,,,,,,
X252,,,,,,,
X260,,,,,,,
X263,,,,,,,
X274,,,,,,,
X294,,,,,,,
X297,,,,,,,
X303,,,,,,,
X311,,,,,,,
X313,,,,,,,
X323,,,,,,,
X324,,,,,,,
X327,,,,,,,
X328,,,,,,,
X329,,,,,,,
X339,,,,,,,
X350,,,,,,,
X361,,,,,,,
X365,,,,,,,
X403,,,,,,,
X404,,,,,,,
X412,,,,,,,
X413,,,,,,,
X443,,,,,,,
X449,,,,,,,
X454,,,,,,,
X457,,,,,,,
X505,,,,,,,
,,,,,,,
X517,,,,,,,
X525,,,,,,,
X543,,,,,,,
X555,,,,,,,
X564,,,,,,,
X568,,,,,,,
X003,,,,,,,
X007,,,,,,,
X008,,,,,,,
X009,,,,,,,
X015,,,,,,,
X020,,,,,,,
X023,,,,,,,
X024,,,,,,,
X032,,,,,,,
X033,,,,,,,
X037,,,,,,,
X045,,,,,,,
X046,,,,,,,
X051,,,,,,,
X054,,,,,,,
X056,,,,,,,
X059,,,,,,,
X077,,,,,,,
X080,,,,,,,
X081,,,,,,,
X085,,,,,,,
X086,,,,,,,
X091,,,,,,,
X094,,,,,,,
X095,,,,,,,
X118,,,,,,,
X141,,,,,,,
X159,,,,,,,
X205,,,,,,,
X206,,,,,,,
X207,,,,,,,
X209,,,,,,,
X213,,,,,,,
X225,,,,,,,
X226,,,,,,,
X228,,,,,,,
X237,,,,,,,
X243,,,,,,,
X244,,,,,,,
X246,,,,,,,
X254,,,,,,,
,,,,,,,
X264,,,,,,,
X268,,,,,,,
X279,,,,,,,
X280,,,,,,,
X284,,,,,,,
X291,,,,,,,
X306,,,,,,,
X307,,,,,,,
X308,,,,,,,
X310,,,,,,,
X315,,,,,,,
X319,,,,,,,
X331,,,,,,,
X340,,,,,,,
X342,,,,,,,
X344,,,,,,,
X351,,,,,,,
X353,,,,,,,
Q360,,,,,,,
X363,,,,,,,
X368,,,,,,,
X374,,,,,,,
X382,,,,,,,
X386,,,,,,,
X390,,,,,,,
X391,,,,,,,
X396,,,,,,,
X397,,,,,,,
X433,,,,,,,
X434,,,,,,,
X437,,,,,,,
X438,,,,,,,
X439,,,,,,,
X440,,,,,,,
X442,,,,,,,
X445,,,,,,,
X447,,,,,,,
X477,,,,,,,
X524,,,,,,,
X546,,,,,,,
X549,,,,,,,
X565,,,,,,,
X696,,,,,,,
X016,,,,,,,
X019,,,,,,,
X021,,,,,,,
X041,,,,,,,
,,,,,,,
X068,,,,,,,
X076,,,,,,,
X078,,,,,,,
X083,,,,,,,
X087,,,,,,,
X089,,,,,,,
X096,,,,,,,
X097,,,,,,,
X103,,,,,,,
X105,,,,,,,
X106,,,,,,,
X108,,,,,,,
X111,,,,,,,
X112,,,,,,,
X121,,,,,,,
X127,,,,,,,
X144,,,,,,,
X153,,,,,,,
X160,,,,,,,
X169,,,,,,,
X175,,,,,,,
X178,,,,,,,
X180,,,,,,,
X181,,,,,,,
X189,,,,,,,
X194,,,,,,,
X249,,,,,,,
X253,,,,,,,
X265,,,,,,,
X270,,,,,,,
X275,,,,,,,
X287,,,,,,,
X288,,,,,,,
X290,,,,,,,
X299,,,,,,,
X326,,,,,,,
X355,,,,,,,
X357,,,,,,,
X370,,,,,,,
X418,,,,,,,
X455,,,,,,,
X462,,,,,,,
X468,,,,,,,
X481,,,,,,,
X483,,,,,,,
X498,,,,,,,
X508,,,,,,,
,,,,,,,
X509,,,,,,,
X513,,,,,,,
X514,,,,,,,
X529,,,,,,,
X532,,,,,,,
X542,,,,,,,
X544,,,,,,,
X545,,,,,,,
X556,,,,,,,
X566,,,,,,,
X567,,,,,,,
X006,,,,,,,
X044,,,,,,,
X047,,,,,,,
X057,,,,,,,
X061,,,,,,,
X066,,,,,,,
X067,,,,,,,
X098,,,,,,,
X129,,,,,,,
X134,,,,,,,
X150,,,,,,,
X190,,,,,,,
X195,,,,,,,
X196,,,,,,,
X211,,,,,,,
Q212,,,,,,,
X214,,,,,,,
X217,,,,,,,
X242,,,,,,,
X248,,,,,,,
X251,,,,,,,
X267,,,,,,,
X271,,,,,,,
X273,,,,,,,
X286,,,,,,,
X300,,,,,,,
X314,,,,,,,
X316,,,,,,,
X318,,,,,,,
X341,,,,,,,
X383,,,,,,,
X388,,,,,,,
X446,,,,,,,
X458,,,,,,,
X463,,,,,,,
X478,,,,,,,
,,,,,,,
X479,,,,,,,
X480,,,,,,,
X511,,,,,,,
X521,,,,,,,
X531,,,,,,,
X536,,,,,,,
X550,,,,,,,
X682,,,,,,,
X684,,,,,,,
X691,,,,,,,
K003,,,,,,,
K008,,,,,,,
K009,,,,,,,
K011,,,,,,,
K020,,,,,,,
K044,,,,,,,
K046,,,,,,,
K054,,,,,,,
K056,,,,,,,
K067,,,,,,,
K093,,,,,,,
K113,,,,,,,
K133,,,,,,,
K256,,,,,,,
K265,,,,,,,
K266,,,,,,,
K270,,,,,,,
K282,,,,,,,
K287,,,,,,,
K301,,,,,,,
K307,,,,,,,
K313,,,,,,,
K350,,,,,,,
K351,,,,,,,
K412,,,,,,,
K419,,,,,,,
K430,,,,,,,
K439,,,,,,,
K483,,,,,,,
K492,,,,,,,
K527,,,,,,,
K553,,,,,,,
K595,,,,,,,
K605,,,,,,,
K616,,,,,,,
K670,,,,,,,
K674,,,,,,,
,,,,,,,
K691,,,,,,,
K016,,,,,,,
K017,,,,,,,
K018,,,,,,,
K023,,,,,,,
K031,,,,,,,
K034,,,,,,,
K050,,,,,,,
K059,,,,,,,
K071,,,,,,,
K084,,,,,,,
K110,,,,,,,
K120,,,,,,,
K126,,,,,,,
K132,,,,,,,
K147,,,,,,,
K157,,,,,,,
K196,,,,,,,
K250,,,,,,,
K257,,,,,,,
K297,,,,,,,
K318,,,,,,,
K319,,,,,,,
K380,,,,,,,
K414,,,,,,,
K449,,,,,,,
K454,,,,,,,
K474,,,,,,,
K477,,,,,,,
K478,,,,,,,
K488,,,,,,,
K558,,,,,,,
K561,,,,,,,
K577,,,,,,,
K582,,,,,,,
K586,,,,,,,
K610,,,,,,,
K614,,,,,,,
K685,,,,,,,
K001,,,,,,,
K010,,,,,,,
K015,,,,,,,
K024,,,,,,,
K029,,,,,,,
K032,,,,,,,
K038,,,,,,,
K039,,,,,,,
,,,,,,,
K051,,,,,,,
K058,,,,,,,
K088,,,,,,,
K094,,,,,,,
K107,,,,,,,
K118,,,,,,,
K124,,,,,,,
K130,,,,,,,
K131,,,,,,,
K136,,,,,,,
K146,,,,,,,
K154,,,,,,,
K169,,,,,,,
K172,,,,,,,
K230,,,,,,,
K261,,,,,,,
K295,,,,,,,
K321,,,,,,,
K423,,,,,,,
K429,,,,,,,
K442,,,,,,,
K443,,,,,,,
K447,,,,,,,
K448,,,,,,,
K462,,,,,,,
K463,,,,,,,
K464,,,,,,,
K497,,,,,,,
K516,,,,,,,
K519,,,,,,,
K529,,,,,,,
K592,,,,,,,
K656,,,,,,,
K667,,,,,,,
K676,,,,,,,
K684,,,,,,,
K698,,,,,,,
K821,,,,,,,
K839,,,,,,,
K005,,,,,,,
K021,,,,,,,
K025,,,,,,,
K026,,,,,,,
K035,,,,,,,
K040,,,,,,,
K057,,,,,,,
K081,,,,,,,
,,,,,,,
K243,,,,,,,
K262,,,,,,,
K267,,,,,,,
K308,,,,,,,
K309,,,,,,,
K335,,,,,,,
K455,,,,,,,
K498,,,,,,,
K594,,,,,,,
K627,,,,,,,
K628,,,,,,,
K669,,,,,,,
K681,,,,,,,
K688,,,,,,,
K765,,,,,,,
K002,,,,,,,
K006,,,,,,,
K012,,,,,,,
K061,,,,,,,
K091,,,,,,,
K092,,,,,,,
K122,,,,,,,
K138,,,,,,,
K161,,,,,,,
K181,,,,,,,
K189,,,,,,,
K191,,,,,,,
K221,,,,,,,
K241,,,,,,,
K246,,,,,,,
K249,,,,,,,
K289,,,,,,,
K316,,,,,,,
K340,,,,,,,
K352,,,,,,,
K353,,,,,,,
K354,,,,,,,
K375,,,,,,,
K382,,,,,,,
K394,,,,,,,
K397,,,,,,,
K398,,,,,,,
K399,,,,,,,
K408,,,,,,,
K484,,,,,,,
K524,,,,,,,
K528,,,,,,,
,,,,,,,
K531,,,,,,,
K532,,,,,,,
K537,,,,,,,
K539,,,,,,,
K543,,,,,,,
K546,,,,,,,
K547,,,,,,,
K548,,,,,,,
K568,,,,,,,
K590,,,,,,,
K600,,,,,,,
K705,,,,,,,
K722,,,,,,,
K745,,,,,,,
K751,,,,,,,
K770,,,,,,,
K066,,,,,,,
K068,,,,,,,
K114,,,,,,,
K115,,,,,,,
K135,,,,,,,
K208,,,,,,,
K211,,,,,,,
K219,,,,,,,
K233,,,,,,,
K235,,,,,,,
K244,,,,,,,
K268,,,,,,,
K272,,,,,,,
K276,,,,,,,
K279,,,,,,,
K285,,,,,,,
K366,,,,,,,
K563,,,,,,,
K566,,,,,,,
K567,,,,,,,
K569,,,,,,,
K576,,,,,,,
K578,,,,,,,
K581,,,,,,,
K588,,,,,,,
K617,,,,,,,
K629,,,,,,,
K633,,,,,,,
K635,,,,,,,
K637,,,,,,,
K642,,,,,,,
,,,,,,,
K673,,,,,,,
K763,,,,,,,
K007,,,,,,,
K013,,,,,,,
K065,,,,,,,
K089,,,,,,,
K108,,,,,,,
K149,,,,,,,
K158,,,,,,,
K159,,,,,,,
K171,,,,,,,
K190,,,,,,,
K202,,,,,,,
K213,,,,,,,
K214,,,,,,,
K218,,,,,,,
K224,,,,,,,
K273,,,,,,,
K290,,,,,,,
K292,,,,,,,
K306,,,,,,,
K325,,,,,,,
K328,,,,,,,
K345,,,,,,,
K346,,,,,,,
K364,,,,,,,
K404,,,,,,,
K409,,,,,,,
K422,,,,,,,
K452,,,,,,,
K502,,,,,,,
K504,,,,,,,
K507,,,,,,,
K510,,,,,,,
K557,,,,,,,
K583,,,,,,,
K615,,,,,,,
K618,,,,,,,
K639,,,,,,,
K654,,,,,,,
K659,,,,,,,
K660,,,,,,,
K661,,,,,,,
K662,,,,,,,
K663,,,,,,,
K677,,,,,,,
K678,,,,,,,
,,,,,,,
K683,,,,,,,
K760,,,,,,,
K764,,,,,,,
K030,,,,,,,
K048,,,,,,,
K062,,,,,,,
K069,,,,,,,
K102,,,,,,,
K104,,,,,,,
K105,,,,,,,
K112,,,,,,,
K127,,,,,,,
K160,,,,,,,
K163,,,,,,,
K164,,,,,,,
K170,,,,,,,
K176,,,,,,,
K179,,,,,,,
K180,,,,,,,
K185,,,,,,,
K186,,,,,,,
K187,,,,,,,
K192,,,,,,,
K200,,,,,,,
K201,,,,,,,
K204,,,,,,,
K205,,,,,,,
K220,,,,,,,
K223,,,,,,,
K227,,,,,,,
K229,,,,,,,
K247,,,,,,,
K259,,,,,,,
K264,,,,,,,
K310,,,,,,,
K445,,,,,,,
K485,,,,,,,
K490,,,,,,,
K503,,,,,,,
K505,,,,,,,
K506,,,,,,,
K609,,,,,,,
K682,,,,,,,
K686,,,,,,,
K748,,,,,,,
K971,,,,,,,
K090,,,,,,,
,,,,,,,
K095,,,,,,,
K096,,,,,,,
K097,,,,,,,
K098,,,,,,,
K099,,,,,,,
K100,,,,,,,
K101,,,,,,,
K121,,,,,,,
K128,,,,,,,
K153,,,,,,,
K177,,,,,,,
K188,,,,,,,
K199,,,,,,,
K209,,,,,,,
K212,,,,,,,
K215,,,,,,,
K216,,,,,,,
K225,,,,,,,
K226,,,,,,,
K228,,,,,,,
K238,,,,,,,
K239,,,,,,,
Q253,,,,,,,
K281,,,,,,,
K288,,,,,,,
K303,,,,,,,
K329,,,,,,,
K337,,,,,,,
K344,,,,,,,
K348,,,,,,,
K410,,,,,,,
K468,,,,,,,
K525,,,,,,,
K540,,,,,,,
K559,,,,,,,
K572,,,,,,,
K620,,,,,,,
K690,,,,,,,
K728,,,,,,,
K014,,,,,,,
K052,,,,,,,
K078,,,,,,,
K109,,,,,,,
K119,,,,,,,
K134,,,,,,,
K139,,,,,,,
K152,,,,,,,
,,,,,,,
K193,,,,,,,
K194,,,,,,,
K195,,,,,,,
K197,,,,,,,
K198,,,,,,,
K203,,,,,,,
K206,,,,,,,
K207,,,,,,,
K217,,,,,,,
K222,,,,,,,
K234,,,,,,,
K236,,,,,,,
K240,,,,,,,
K245,,,,,,,
K251,,,,,,,
K254,,,,,,,
K255,,,,,,,
K277,,,,,,,
K278,,,,,,,
K312,,,,,,,
K315,,,,,,,
K326,,,,,,,
K361,,,,,,,
K381,,,,,,,
K405,,,,,,,
K425,,,,,,,
K535,,,,,,,
K555,,,,,,,
K611,,,,,,,
K630,,,,,,,
K041,,,,,,,
K137,,,,,,,
K150,,,,,,,
K155,,,,,,,
K156,,,,,,,
K165,,,,,,,
K178,,,,,,,
K184,,,,,,,
K298,,,,,,,
K323,,,,,,,
K327,,,,,,,
K363,,,,,,,
K392,,,,,,,
K401,,,,,,,
K446,,,,,,,
K493,,,,,,,
K514,,,,,,,
,,,,,,,
K518,,,,,,,
K522,,,,,,,
K599,,,,,,,
K643,,,,,,,
K644,,,,,,,
K646,,,,,,,
K647,,,,,,,
K664,,,,,,,
K668,,,,,,,
K671,,,,,,,
K697,,,,,,,
Q005,,,,,,,
Q007,,,,,,,
Q012,,,,,,,
Q013,,,,,,,
Q014,,,,,,,
Q016,,,,,,,
Q019,,,,,,,
Q028,,,,,,,
Q049,,,,,,,
Q058,,,,,,,
Q061,,,,,,,
Q068,,,,,,,
Q071,,,,,,,
Q073,,,,,,,
Q077,,,,,,,
Q081,,,,,,,
Q087,,,,,,,
Q088,,,,,,,
Q089,,,,,,,
Q091,,,,,,,
Q093,,,,,,,
Q102,,,,,,,
Q110,,,,,,,
Q113,,,,,,,
Q119,,,,,,,
Q125,,,,,,,
Q128,,,,,,,
Q143,,,,,,,
Q153,,,,,,,
Q199,,,,,,,
Q211,,,,,,,
Q229,,,,,,,
Q236,,,,,,,
Q239,,,,,,,
Q264,,,,,,,
Q267,,,,,,,
,,,,,,,
Q290,,,,,,,
Q293,,,,,,,
Q296,,,,,,,
Q299,,,,,,,
Q305,,,,,,,
Q307,,,,,,,
Q311,,,,,,,
Q330,,,,,,,
Q343,,,,,,,
Q455,,,,,,,
Q485,,,,,,,
Q520,,,,,,,
Q530,,,,,,,
Q550,,,,,,,
Q560,,,,,,,
Q585,,,,,,,
Q600,,,,,,,
Q610,,,,,,,
Q744,,,,,,,
Q020,,,,,,,
Q021,,,,,,,
Q022,,,,,,,
Q024,,,,,,,
Q025,,,,,,,
Q029,,,,,,,
Q032,,,,,,,
Q079,,,,,,,
Q107,,,,,,,
Q120,,,,,,,
Q129,,,,,,,
Q130,,,,,,,
Q154,,,,,,,
Q163,,,,,,,
Q164,,,,,,,
Q165,,,,,,,
Q169,,,,,,,
Q184,,,,,,,
Q185,,,,,,,
Q189,,,,,,,
Q193,,,,,,,
Q194,,,,,,,
Q200,,,,,,,
Q201,,,,,,,
Q209,,,,,,,
Q214,,,,,,,
Q219,,,,,,,
Q237,,,,,,,
,,,,,,,
Q240,,,,,,,
Q241,,,,,,,
Q242,,,,,,,
Q244,,,,,,,
Q250,,,,,,,
Q252,,,,,,,
Q263,,,,,,,
Q281,,,,,,,
Q285,,,,,,,
Q294,,,,,,,
Q425,,,,,,,
Q460,,,,,,,
Q499,,,,,,,
Q525,,,,,,,
Q540,,,,,,,
Q670,,,,,,,
Q792,,,,,,,
Q018,,,,,,,
Q026,,,,,,,
Q031,,,,,,,
Q041,,,,,,,
Q046,,,,,,,
Q067,,,,,,,
Q074,,,,,,,
Q094,,,,,,,
Q098,,,,,,,
Q115,,,,,,,
Q133,,,,,,,
Q158,,,,,,,
Q159,,,,,,,
Q162,,,,,,,
Q172,,,,,,,
Q173,,,,,,,
Q178,,,,,,,
Q186,,,,,,,
Q188,,,,,,,
Q191,,,,,,,
Q203,,,,,,,
Q205,,,,,,,
Q213,,,,,,,
Q216,,,,,,,
Q221,,,,,,,
Q266,,,,,,,
Q315,,,,,,,
Q415,,,,,,,
Q430,,,,,,,
Q435,,,,,,,
,,,,,,,
Q495,,,,,,,
Q566,,,,,,,
Q042,,,,,,,
Q043,,,,,,,
Q045,,,,,,,
Q047,,,,,,,
Q051,,,,,,,
Q053,,,,,,,
Q056,,,,,,,
Q060,,,,,,,
Q062,,,,,,,
Q063,,,,,,,
Q064,,,,,,,
Q065,,,,,,,
Q066,,,,,,,
Q090,,,,,,,
Q096,,,,,,,
Q097,,,,,,,
Q100,,,,,,,
Q104,,,,,,,
Q105,,,,,,,
Q106,,,,,,,
Q108,,,,,,,
Q114,,,,,,,
Q123,,,,,,,
Q124,,,,,,,
Q137,,,,,,,
Q146,,,,,,,
Q155,,,,,,,
Q183,,,,,,,
Q197,,,,,,,
Q202,,,,,,,
Q207,,,,,,,
Q210,,,,,,,
Q223,,,,,,,
Q226,,,,,,,
Q232,,,,,,,
Q254,,,,,,,
Q260,,,,,,,
Q261,,,,,,,
Q262,,,,,,,
Q273,,,,,,,
Q282,,,,,,,
Q297,,,,,,,
Q302,,,,,,,
Q306,,,,,,,
Q308,,,,,,,
,,,,,,,
Q309,,,,,,,
Q314,,,,,,,
Q316,,,,,,,
Q317,,,,,,,
Q318,,,,,,,
Q319,,,,,,,
Q323,,,,,,,
Q324,,,,,,,
Q333,,,,,,,
Q334,,,,,,,
Q351,,,,,,,
Q362,,,,,,,
Q400,,,,,,,
Q475,,,,,,,
Q480,,,,,,,
Q650,,,,,,,
Q008,,,,,,,
Q040,,,,,,,
Q048,,,,,,,
Q050,,,,,,,
Q054,,,,,,,
Q055,,,,,,,
Q072,,,,,,,
Q080,,,,,,,
Q082,,,,,,,
Q086,,,,,,,
Q099,,,,,,,
Q101,,,,,,,
Q117,,,,,,,
Q121,,,,,,,
Q139,,,,,,,
Q140,,,,,,,
Q144,,,,,,,
Q157,,,,,,,
Q160,,,,,,,
Q161,,,,,,,
Q167,,,,,,,
Q174,,,,,,,
Q175,,,,,,,
Q182,,,,,,,
Q190,,,,,,,
Q196,,,,,,,
Q206,,,,,,,
Q217,,,,,,,
Q220,,,,,,,
Q284,,,,,,,
Q287,,,,,,,
,,,,,,,
Q303,,,,,,,
Q310,,,,,,,
Q312,,,,,,,
Q325,,,,,,,
Q328,,,,,,,
Q332,,,,,,,
Q338,,,,,,,
Q349,,,,,,,
Q350,,,,,,,
Q354,,,,,,,
Q358,,,,,,,
Q440,,,,,,,
Q505,,,,,,,
Q620,,,,,,,
Q680,,,,,,,
Q686,,,,,,,
Q687,,,,,,,
Q690,,,,,,,
Q896,,,,,,,
Q015,,,,,,,
Q033,,,,,,,
Q034,,,,,,,
Q035,,,,,,,
Q036,,,,,,,
Q037,,,,,,,
Q038,,,,,,,
Q052,,,,,,,
Q059,,,,,,,
Q095,,,,,,,
Q109,,,,,,,
Q116,,,,,,,
Q118,,,,,,,
Q131,,,,,,,
Q132,,,,,,,
Q134,,,,,,,
Q135,,,,,,,
Q136,,,,,,,
Q138,,,,,,,
Q147,,,,,,,
Q156,,,,,,,
Q176,,,,,,,
Q181,,,,,,,
Q192,,,,,,,
Q195,,,,,,,
Q208,,,,,,,
Q238,,,,,,,
Q243,,,,,,,
,,,,,,,
Q248,,,,,,,
Q251,,,,,,,
Q259,,,,,,,
Q265,,,,,,,
Q268,,,,,,,
Q270,,,,,,,
Q272,,,,,,,
Q283,,,,,,,
Q289,,,,,,,
Q295,,,,,,,
Q313,,,,,,,
Q326,,,,,,,
Q327,,,,,,,
Q355,,,,,,,
Q356,,,,,,,
Q492,,,,,,,
Q498,,,,,,,
Q002,,,,,,,
Q010,,,,,,,
Q011,,,,,,,
Q017,,,,,,,
Q069,,,,,,,
Q070,,,,,,,
Q076,,,,,,,
Q078,,,,,,,
Q084,,,,,,,
Q085,,,,,,,
Q092,,,,,,,
Q111,,,,,,,
Q112,,,,,,,
Q122,,,,,,,
Q126,,,,,,,
Q127,,,,,,,
Q141,,,,,,,
Q145,,,,,,,
Q148,,,,,,,
Q149,,,,,,,
Q150,,,,,,,
Q151,,,,,,,
Q152,,,,,,,
Q166,,,,,,,
Q171,,,,,,,
Q204,,,,,,,
Q222,,,,,,,
Q227,,,,,,,
Q228,,,,,,,
Q230,,,,,,,
,,,,,,,
Q234,,,,,,,
Q235,,,,,,,
Q258,,,,,,,
Q280,,,,,,,
Q286,,,,,,,
Q291,,,,,,,
Q300,,,,,,,
Q301,,,,,,,
Q329,,,,,,,
Q361,,,,,,,
Q445,,,,,,,
Q450,,,,,,,
Q501,,,,,,,
Q502,,,,,,,
Q555,,,,,,,
Q575,,,,,,,
Q580,,,,,,,
R001,,,,,,,
R002,,,,,,,
R003,,,,,,,
R004,,,,,,,
R005,,,,,,,
R006,,,,,,,
R007,,,,,,,
R008,,,,,,,
R009,,,,,,,
R010,,,,,,,
R011,,,,,,,
R013,,,,,,,
R016,,,,,,,
R018,,,,,,,
R019,,,,,,,
R020,,,,,,,
R021,,,,,,,
R022,,,,,,,
R023,,,,,,,
R024,,,,,,,
R026,,,,,,,
R027,,,,,,,
R028,,,,,,,
R029,,,,,,,
R030,,,,,,,
R031,,,,,,,
R032,,,,,,,
R034,,,,,,,
R035,,,,,,,
R036,,,,,,,
,,,,,,,
R038,,,,,,,
R039,,,,,,,
R041,,,,,,,
R042,,,,,,,
R044,,,,,,,
R045,,,,,,,
R046,,,,,,,
R047,,,,,,,
R048,,,,,,,
R049,,,,,,,
R050,,,,,,,
R051,,,,,,,
R052,,,,,,,
R053,,,,,,,
R054,,,,,,,
R055,,,,,,,
R056,,,,,,,
R057,,,,,,,
R058,,,,,,,
R059,,,,,,,
R060,,,,,,,
R061,,,,,,,
R062,,,,,,,
R063,,,,,,,
R064,,,,,,,
R065,,,,,,,
R068,,,,,,,
R069,,,,,,,
R072,,,,,,,
R074,,,,,,,
R075,,,,,,,
R078,,,,,,,
R080,,,,,,,
R440,,,,,,,
R445,,,,,,,
R450,,,,,,,
R455,,,,,,,
R460,,,,,,,
R470,,,,,,,
R600,,,,,,,
R605,,,,,,,
R861,,,,,,,
K045,,,,,,,
K075,,,,,,,
K086,,,,,,,
K106,,,,,,,
K116,,,,,,,
,,,,,,,
K123,,,,,,,
K145,,,,,,,
K151,,,,,,,
K162,,,,,,,
K168,,,,,,,
K274,,,,,,,
K291,,,,,,,
K299,,,,,,,
K347,,,,,,,
K349,,,,,,,
K376,,,,,,,
K377,,,,,,,
K383,,,,,,,
K384,,,,,,,
K403,,,,,,,
K545,,,,,,,
K549,,,,,,,
K552,,,,,,,
K554,,,,,,,
K556,,,,,,,
K562,,,,,,,
K564,,,,,,,
K004,,,,,,,
K036,,,,,,,
K053,,,,,,,
K077,,,,,,,
K140,,,,,,,
K141,,,,,,,
K231,,,,,,,
K368,,,,,,,
K369,,,,,,,
K370,,,,,,,
K371,,,,,,,
K372,,,,,,,
K373,,,,,,,
K396,,,,,,,
K721,,,,,,,
K753,,,,,,,
K771,,,,,,,
K811,,,,,,,
M035,,,,,,,
M079,,,,,,,
M094,,,,,,,
M138,,,,,,,
M169,,,,,,,
M226,,,,,,,
M401,,,,,,,
,,,,,,,
M501,,,,,,,
M721,,,,,,,
M751,,,,,,,
M811,,,,,,,
Q004,,,,,,,
Q009,,,,,,,
Q023,,,,,,,
Q075,,,,,,,
Q177,,,,,,,
Q224,,,,,,,
Q233,,,,,,,
Q255,,,,,,,
Q256,,,,,,,
Q277,,,,,,,
Q721,,,,,,,
Q752,,,,,,,
Q811,,,,,,,
Q993,,,,,,,
R025,,,,,,,
R037,,,,,,,
R373,,,,,,,
R721,,,,,,,
X010,,,,,,,
X012,,,,,,,
X017,,,,,,,
X168,,,,,,,
X176,,,,,,,
X186,,,,,,,
X188,,,,,,,
X352,,,,,,,
X469,,,,,,,
X721,,,,,,,
X723,,,,,,,
X754,,,,,,,
X811,,,,,,,